id,slug,name,overflow
940000049,940000049-affinity-healthcare-center,AFFINITY HEALTHCARE CENTER,
920000077,920000077-alameda-care-center,ALAMEDA CARE CENTER,
940000062,940000062-alamitos-belmont-rehabilitation-hospital,ALAMITOS BELMONT REHABILITATION HOSPITAL,
970000001,970000001-alcott-rehabilitation-hospital,ALCOTT REHABILITATION HOSPITAL,
970000121,970000121-alden-terrace-convalescent-hospital,ALDEN TERRACE CONVALESCENT HOSPITAL,x
970000003,970000003-alexandria-care-center,ALEXANDRIA CARE CENTER,
950000101,950000101-alhambra-healthcare-wellness-centre-lp,"ALHAMBRA HEALTHCARE & WELLNESS CENTRE, LP",
930000793,930000793-alhambra-hospital-medical-center-d-p-snf,ALHAMBRA HOSPITAL MEDICAL CENTER D/P SNF,
920000001,920000001-all-saints-healthcare,ALL SAINTS HEALTHCARE,
970000129,970000129-alvarado-care-center,ALVARADO CARE CENTER,
970000123,970000123-angels-nursing-health-center,ANGELS NURSING HEALTH CENTER,
920000280,920000280-antelope-valley-care-center,ANTELOPE VALLEY CARE CENTER,
970000091,970000091-ararat-convalescent-hospital,ARARAT CONVALESCENT HOSPITAL,
920000292,920000292-ararat-nursing-facility,ARARAT NURSING FACILITY,
950000012,950000012-arbor-glen-care-center,ARBOR GLEN CARE CENTER,
950000045,950000045-arcadia-care-center,ARCADIA CARE CENTER,
940000093,940000093-artesia-christian-home-inc,ARTESIA CHRISTIAN HOME INC.,
920000002,920000002-astoria-nursing-and-rehab-center,ASTORIA NURSING AND REHAB CENTER,
950000039,950000039-atherton-baptist-home-sam-b-west,ATHERTON BAPTIST HOME-SAM B. WEST,
940000007,940000007-atlantic-memorial-healthcare-center,ATLANTIC MEMORIAL HEALTHCARE CENTER,
920000306,920000306-autumn-hills-health-care-center,AUTUMN HILLS HEALTH CARE CENTER,
940000051,940000051-avalon-villa-care-center,AVALON VILLA CARE CENTER,
950000015,950000015-baldwin-gardens-nursing-center,BALDWIN GARDENS NURSING CENTER,
910000009,910000009-bay-crest-care-center,BAY CREST CARE CENTER,
910000071,910000071-beachside-post-acute,BEACHSIDE POST ACUTE,
940000097,940000097-beachside-post-acute,BEACHSIDE POST ACUTE,
910000017,910000017-beachwood-post-acute-rehab,BEACHWOOD POST-ACUTE & REHAB,
950000054,950000054-beacon-healthcare-center,BEACON HEALTHCARE CENTER,
940000047,940000047-bel-tooren-villa-convalescent-hospital,BEL TOOREN VILLA CONVALESCENT HOSPITAL,
940000010,940000010-bel-vista-healthcare-center,BEL VISTA HEALTHCARE CENTER,
940000011,940000011-bell-convalescent-hospital,BELL CONVALESCENT HOSPITAL,
940000013,940000013-bellflower-post-acute,BELLFLOWER POST ACUTE,
910000014,910000014-berkley-east-convalescent-hospital,BERKLEY EAST CONVALESCENT HOSPITAL,
920000049,920000049-berkley-valley-convalescent-hospital,BERKLEY VALLEY CONVALESCENT HOSPITAL,x
910000013,910000013-berkley-west-convalescent-hospital,BERKLEY WEST CONVALESCENT HOSPITAL,
940000016,940000016-bixby-knolls-towers-health-care-rehab-center,BIXBY KNOLLS TOWERS HEALTH CARE & REHAB CENTER,
970000125,970000125-bonnie-brae-skilled-nursing,BONNIE BRAE SKILLED NURSING,
910000073,910000073-brentwood-health-care-center,BRENTWOOD HEALTH CARE CENTER,
940000012,940000012-briarcrest-nursing-center,BRIARCREST NURSING CENTER,
970000005,970000005-brier-oak-on-sunset,BRIER OAK ON SUNSET,x
970000194,970000194-brighton-care-center,BRIGHTON CARE CENTER,
940000005,940000005-broadway-by-the-sea,BROADWAY BY THE SEA,
950000030,950000030-broadway-healthcare-center,BROADWAY HEALTHCARE CENTER,
920000021,920000021-broadway-manor-care-center,BROADWAY MANOR CARE CENTER,
920000310,920000310-brookdale-northridge,BROOKDALE NORTHRIDGE,
940000069,940000069-brookfield-healthcare-center,BROOKFIELD HEALTHCARE CENTER,
940000020,940000020-buena-ventura-post-acute-care-center,BUENA VENTURA POST ACUTE CARE CENTER,
920000071,920000071-burbank-healthcare-and-rehabilitation-center,BURBANK HEALTHCARE AND REHABILITATION CENTER,
970000127,970000127-burlington-convalescent-hospital,BURLINGTON CONVALESCENT HOSPITAL,
920000050,920000050-california-healthcare-and-rehabilitation-center,CALIFORNIA HEALTHCARE AND REHABILITATION CENTER,
970000131,970000131-california-post-acute,CALIFORNIA POST ACUTE,
940000074,940000074-california-post-acute-care,CALIFORNIA POST-ACUTE CARE,
970000163,970000163-camellia-gardens-care-center,CAMELLIA GARDENS CARE CENTER,
920000083,920000083-canyon-oaks-nursing-and-rehabilitation-center,CANYON OAKS NURSING AND REHABILITATION CENTER,
950000052,950000052-casa-bonita-convalescent-hospital,CASA BONITA CONVALESCENT HOSPITAL,
920000090,920000090-casitas-care-center,CASITAS CARE CENTER,x
930000669,930000669-catalina-island-medical-center-d-p-snf,CATALINA ISLAND MEDICAL CENTER D/P SNF,
940000031,940000031-catered-manor-nursing-center,CATERED MANOR NURSING CENTER,
910000005,910000005-centinela-skilled-nursing-wellness-centre,CENTINELA SKILLED NURSING & WELLNESS CENTRE,
910000065,910000065-century-villa-inc,"CENTURY VILLA, INC.",
940000112,940000112-cerritos-vista-healthcare-center,CERRITOS VISTA HEALTHCARE CENTER,
920000014,920000014-chandler-convalescent-hospital,CHANDLER CONVALESCENT HOSPITAL,
920000084,920000084-chatsworth-park-health-care-center,CHATSWORTH PARK HEALTH CARE CENTER,
950000033,950000033-chino-valley-health-care-center,CHINO VALLEY HEALTH CARE CENTER,
950000088,950000088-clara-baldwin-stocker-home,CLARA BALDWIN STOCKER HOME,
950000002,950000002-claremont-care-center,CLAREMONT CARE CENTER,
950000053,950000053-claremont-manor-care-center,CLAREMONT MANOR CARE CENTER,
910000024,910000024-clear-view-convalescent-center,CLEAR VIEW CONVALESCENT CENTER,
910000025,910000025-clear-view-sanitarium,CLEAR VIEW SANITARIUM,
950000047,950000047-coast-care-convalescent-center,COAST CARE CONVALESCENT CENTER,
970000089,970000089-college-vista-post-acute,COLLEGE VISTA POST-ACUTE,
940000034,940000034-colonial-care-center,COLONIAL CARE CENTER,
940000033,940000033-colonial-gardens-nursing-home,COLONIAL GARDENS NURSING HOME,
950000022,950000022-community-care-center,COMMUNITY CARE CENTER,
920000005,920000005-country-manor-healthcare,COUNTRY MANOR HEALTHCARE,
950000040,950000040-country-oaks-care-center,COUNTRY OAKS CARE CENTER,
940000004,940000004-country-villa-bay-vista-healthcare-center,COUNTRY VILLA BAY VISTA HEALTHCARE CENTER,
940000053,940000053-country-villa-belmont-heights-healthcare-center,COUNTRY VILLA BELMONT HEIGHTS HEALTHCARE CENTER,
950000042,950000042-country-villa-claremont-healthcare-center,COUNTRY VILLA CLAREMONT HEALTHCARE CENTER,
970000035,970000035-country-villa-east-nursing-center,COUNTRY VILLA EAST NURSING CENTER,
970000083,970000083-country-villa-los-feliz-nursing-center,COUNTRY VILLA LOS FELIZ NURSING CENTER,x
910000058,910000058-country-villa-mar-vista-nursing-center,COUNTRY VILLA MAR VISTA NURSING CENTER,
910000332,910000332-country-villa-north-convalescent-center,COUNTRY VILLA NORTH CONVALESCENT CENTER,
910000318,910000318-country-villa-pavilion-nursing-center,COUNTRY VILLA PAVILION NURSING CENTER,x
970000137,970000137-country-villa-rehabilitation-center,COUNTRY VILLA REHABILITATION CENTER,
920000089,920000089-country-villa-sheraton-nursing-and-rehab-center,COUNTRY VILLA SHERATON NURSING AND REHAB. CENTER,
910000027,910000027-country-villa-south-convalescent-center,COUNTRY VILLA SOUTH CONVALESCENT CENTER,
910000316,910000316-country-villa-terrace-nursing-center,COUNTRY VILLA TERRACE NURSING CENTER,
910000028,910000028-country-villa-westwood-convalescent-center,COUNTRY VILLA WESTWOOD CONVALESCENT CENTER,
910000326,910000326-country-villa-wilshire-convalescent-center,COUNTRY VILLA WILSHIRE CONVALESCENT CENTER,
940000098,940000098-courtyard-care-center,COURTYARD CARE CENTER,
950000014,950000014-covina-rehabilitation-center,COVINA REHABILITATION CENTER,
910000314,910000314-crenshaw-nursing-home,CRENSHAW NURSING HOME,
910000032,910000032-culver-west-health-center,CULVER WEST HEALTH CENTER,
910000033,910000033-del-amo-gardens-care-center,DEL AMO GARDENS CARE CENTER,
950000056,950000056-del-mar-convalescent-hospital,DEL MAR CONVALESCENT HOSPITAL,
170001860,170001860-department-of-state-hospitals-metropolitan,DEPARTMENT OF STATE HOSPITALS - METROPOLITAN,
920000051,920000051-desert-canyon-post-acute-llc,"DESERT CANYON POST ACUTE, LLC",
940000057,940000057-downey-community-health-center,DOWNEY COMMUNITY HEALTH CENTER,
940000017,940000017-downey-post-acute,DOWNEY POST ACUTE,
920000015,920000015-dreier-s-nursing-care-center,DREIER'S NURSING CARE CENTER,
910000034,910000034-driftwood-healthcare-center,DRIFTWOOD HEALTHCARE CENTER,
930000685,930000685-east-los-angeles-doctors-hospital-d-p-snf,EAST LOS ANGELES DOCTORS HOSPITAL D/P SNF,
950000103,950000103-eastland-subacute-and-rehabilitation-center,EASTLAND SUBACUTE AND REHABILITATION CENTER,
940000043,940000043-edgewater-skilled-nursing-center,EDGEWATER SKILLED NURSING CENTER,
920000062,920000062-eisenberg-village,EISENBERG VILLAGE,
960001457,960001457-el-encanto-healthcare-and-habilitation-center,EL ENCANTO HEALTHCARE AND HABILITATION CENTER,
950000038,950000038-el-monte-convalescent-hospital,EL MONTE CONVALESCENT HOSPITAL,
940000044,940000044-el-rancho-vista-health-care-center,EL RANCHO VISTA HEALTH CARE CENTER,
950000236,950000236-emanate-health-hospice,EMANATE HEALTH HOSPICE,
930001498,930001498-emanate-health-inter-community-hospital-d-p-snf,"EMANATE HEALTH INTER-COMMUNITY HOSPITAL, D/P SNF",
930000865,930000865-encino-hospital-medical-center,ENCINO HOSPITAL MEDICAL CENTER,
950000006,950000006-fidelity-health-care,FIDELITY HEALTH CARE,
910000038,910000038-fireside-health-care-center,FIRESIDE HEALTH CARE CENTER,
970000037,970000037-flower-villa-inc,"FLOWER VILLA, INC.",
970000174,970000174-foothill-heights-care-center,FOOTHILL HEIGHTS CARE CENTER,
970000015,970000015-fountain-view-subacute-and-nursing-center,FOUNTAIN VIEW SUBACUTE AND NURSING CENTER,
920000004,920000004-four-seasons-healthcare-wellness-center-lp,"FOUR SEASONS HEALTHCARE & WELLNESS CENTER, LP",
970000062,970000062-garden-crest-rehabilitation-center,GARDEN CREST REHABILITATION CENTER,
950000023,950000023-garden-view-post-acute-rehabilitation,GARDEN VIEW POST-ACUTE REHABILITATION,
910000275,910000275-gardena-convalescent-center,GARDENA CONVALESCENT CENTER,
970000068,970000068-gem-transitional-care-center,GEM TRANSITIONAL CARE CENTER,
950000001,950000001-gladstone-care-and-rehabilitation-center,GLADSTONE CARE AND REHABILITATION CENTER,
930000892,930000892-glendale-adventist-medical-center-d-p-snf,GLENDALE ADVENTIST MEDICAL CENTER D/P SNF,
970000085,970000085-glendale-healthcare-center,GLENDALE HEALTHCARE CENTER,
930000722,930000722-glendale-memorial-hospital-and-health-ctr-d-p-snf,GLENDALE MEMORIAL HOSPITAL AND HEALTH CTR. D/P SNF,
920000020,920000020-glendale-post-acute-center,GLENDALE POST ACUTE CENTER,x
950000256,950000256-glendora-canyon-transitional-care-unit,GLENDORA CANYON TRANSITIONAL CARE UNIT,
950000009,950000009-glendora-grand-inc,"GLENDORA GRAND, INC.",
920000304,920000304-glenhaven-healthcare,GLENHAVEN HEALTHCARE,
920000017,920000017-glenoaks-conv-hospital,GLENOAKS CONV. HOSPITAL,
920000011,920000011-golden-legacy-care-center,GOLDEN LEGACY CARE CENTER,
920000073,920000073-golden-state-colonial-healthcare-center,GOLDEN STATE COLONIAL HEALTHCARE CENTER,
930000735,930000735-good-samaritan-hospital-d-p-snf,GOOD SAMARITAN HOSPITAL D/P SNF,
910000043,910000043-good-shepherd-health-care-center-of-santa-monica,GOOD SHEPHERD HEALTH CARE CENTER OF SANTA MONICA,
920000086,920000086-granada-hills-convalescent-hospital,GRANADA HILLS CONVALESCENT HOSPITAL,
940000076,940000076-granada-post-acute,GRANADA POST ACUTE,
920000060,920000060-grancell-village-of-the-jewish-homes-for-the-aging,GRANCELL VILLAGE OF THE JEWISH HOMES FOR THE AGING,
970000133,970000133-grand-park-convalescent-hospital,GRAND PARK CONVALESCENT HOSPITAL,x
920000055,920000055-grand-valley-health-care-center,GRAND VALLEY HEALTH CARE CENTER,
930001562,930001562-greater-el-monte-community-hospital-d-p-snf,GREATER EL MONTE COMMUNITY HOSPITAL D/P SNF,
950000058,950000058-green-acres-healthcare-center,GREEN ACRES HEALTHCARE CENTER,
940000078,940000078-greenfield-care-center-of-south-gate,GREENFIELD CARE CENTER OF SOUTH GATE,
920000018,920000018-griffith-park-healthcare-center,GRIFFITH PARK HEALTHCARE CENTER,
910000320,910000320-guardian-rehabilitation-hospital,GUARDIAN REHABILITATION HOSPITAL,
910000046,910000046-harbor-post-acute-care-center,HARBOR POST ACUTE CARE CENTER,
950000046,950000046-harvard-creek-post-acute,HARVARD CREEK POST ACUTE,
910000047,910000047-hawthorne-healthcare-wellness-centre-lp,"HAWTHORNE HEALTHCARE & WELLNESS CENTRE, LP",
970000169,970000169-heritage-manor,HERITAGE MANOR,
910000048,910000048-heritage-rehabilitation-center,HERITAGE REHABILITATION CENTER,
920000026,920000026-high-valley-lodge,HIGH VALLEY LODGE,
970000117,970000117-highland-park-skilled-nursing-wellness-centre,HIGHLAND PARK SKILLED NURSING & WELLNESS CENTRE,
920000068,920000068-holiday-manor-care-center,HOLIDAY MANOR CARE CENTER,
970000156,970000156-hollenbeck-palms,HOLLENBECK PALMS,
970000039,970000039-hollywood-premier-healthcare-center,HOLLYWOOD PREMIER HEALTHCARE CENTER,x
930000575,930000575-hollywood-presbyterian-medical-center-d-p-snf,HOLLYWOOD PRESBYTERIAN MEDICAL CENTER D/P SNF,
950000062,950000062-huntington-drive-health-and-rehabilitation-center,HUNTINGTON DRIVE HEALTH AND REHABILITATION CENTER,
970000115,970000115-huntington-healthcare-center,HUNTINGTON HEALTHCARE CENTER,
940000073,940000073-huntington-park-nursing-center,HUNTINGTON PARK NURSING CENTER,
970000075,970000075-huntington-post-acute,HUNTINGTON POST ACUTE,
910000049,910000049-hyde-park-healthcare-center,HYDE PARK HEALTHCARE CENTER,
920000078,920000078-imperial-care-center,IMPERIAL CARE CENTER,
910000041,910000041-imperial-crest-health-care-center,IMPERIAL CREST HEALTH CARE CENTER,
940000115,940000115-imperial-healthcare-center,IMPERIAL HEALTHCARE CENTER,
970000070,970000070-infinity-care-of-east-los-angeles,INFINITY CARE OF EAST LOS ANGELES,
910000050,910000050-inglewood-health-care-center,INGLEWOOD HEALTH CARE CENTER,
950000079,950000079-inland-valley-care-and-rehabilitation-center,INLAND VALLEY CARE AND REHABILITATION CENTER,
940000065,940000065-intercommunity-care-center,INTERCOMMUNITY CARE CENTER,
940000064,940000064-intercommunity-healthcare-rehabilitation-center,INTERCOMMUNITY HEALTHCARE & REHABILITATION CENTER,
950000100,950000100-ivy-creek-healthcare-wellness-centre,IVY CREEK HEALTHCARE & WELLNESS CENTRE,
630011499,630011499-joyce-eisenberg-keefer-medical-center,JOYCE EISENBERG KEEFER MEDICAL CENTER,
970000111,970000111-kei-ai-los-angeles-healthcare-center,KEI-AI LOS ANGELES HEALTHCARE CENTER,x
910000276,910000276-kei-ai-south-bay-healthcare-center,KEI-AI SOUTH BAY HEALTHCARE CENTER,
910000324,910000324-kennedy-post-acute-care-center,KENNEDY POST ACUTE CARE CENTER,
970000029,970000029-kingsley-manor-care-center,KINGSLEY MANOR CARE CENTER,
970000021,970000021-la-brea-rehabilitation-center,LA BREA REHABILITATION CENTER,x
920000031,920000031-la-crescenta-healthcare-center,LA CRESCENTA HEALTHCARE CENTER,
60000117,060000117-la-habra-convalescent-hospital,LA HABRA CONVALESCENT HOSPITAL,
940000026,940000026-la-paz-geropsychiatric-center,LA PAZ GEROPSYCHIATRIC CENTER,
920000059,920000059-lake-balboa-care-center,LAKE BALBOA CARE CENTER,
970000139,970000139-lakeview-terrace,LAKEVIEW TERRACE,
940000006,940000006-lakewood-healthcare-center,LAKEWOOD HEALTHCARE CENTER,
950000066,950000066-landmark-medical-center,LANDMARK MEDICAL CENTER,
910000053,910000053-las-flores-convalescent-hospital,LAS FLORES CONVALESCENT HOSPITAL,
950000068,950000068-laurel-park-behavioral-health-center,LAUREL PARK BEHAVIORAL HEALTH CENTER,
910000067,910000067-lawndale-healthcare-wellness-centre-llc,"LAWNDALE HEALTHCARE & WELLNESS CENTRE, LLC",
970000186,970000186-legacy-healthcare-center,LEGACY HEALTHCARE CENTER,
970000081,970000081-leisure-glen-post-acute-care-center,LEISURE GLEN POST ACUTE CARE CENTER,
940000050,940000050-lighthouse-healthcare-center,LIGHTHOUSE HEALTHCARE CENTER,
910000054,910000054-little-sisters-of-the-poor,LITTLE SISTERS OF THE POOR,
950000031,950000031-live-oak-rehabilitation-center,LIVE OAK REHABILITATION CENTER,
910000055,910000055-lomita-post-acute-care-center,LOMITA POST-ACUTE CARE CENTER,
940000107,940000107-long-beach-care-center,LONG BEACH CARE CENTER,
940000056,940000056-long-beach-healthcare-center,LONG BEACH HEALTHCARE CENTER,
930000547,930000547-long-beach-memorial-medical-center-d-p-snf,LONG BEACH MEMORIAL MEDICAL CENTER D/P SNF,
940000101,940000101-long-beach-post-acute,LONG BEACH POST ACUTE,
910000328,910000328-longwood-manor-convalescent-hospital,LONGWOOD MANOR CONVALESCENT HOSPITAL,
930001558,930001558-los-angeles-community-hospital-d-p-snf,LOS ANGELES COMMUNITY HOSPITAL D/P SNF,
910000057,910000057-los-palos-post-acute-care-center,LOS PALOS POST-ACUTE CARE CENTER,
910000035,910000035-lotus-care-center,LOTUS CARE CENTER,
940000036,940000036-lynwood-post-acute-care-center,LYNWOOD POST ACUTE CARE CENTER,x
920000009,920000009-maclay-healthcare-center,MACLAY HEALTHCARE CENTER,x
920000087,920000087-magnolia-gardens-convalescent-hospital,MAGNOLIA GARDENS CONVALESCENT HOSPITAL,
970000064,970000064-manchester-manor-cvlt-hospital,MANCHESTER MANOR CVLT HOSPITAL,
970000141,970000141-maple-healthcare-center,MAPLE HEALTHCARE CENTER,
910000059,910000059-marina-pointe-healthcare-subacute,MARINA POINTE HEALTHCARE & SUBACUTE,
940000072,940000072-marlora-post-acute-rehabilitation-hospital,MARLORA POST ACUTE REHABILITATION HOSPITAL,
910000060,910000060-marycrest-manor,MARYCREST MANOR,
950000249,950000249-mayflower-care-center,MAYFLOWER CARE CENTER,
920000052,920000052-mayflower-gardens-convalescent-hospital,MAYFLOWER GARDENS CONVALESCENT HOSPITAL,
940000092,940000092-maywood-skilled-nursing-wellness-centre,MAYWOOD SKILLED NURSING & WELLNESS CENTRE,
910000061,910000061-meadowbrook-behaviorial-health-center,MEADOWBROOK BEHAVIORIAL HEALTH CENTER,
930000904,930000904-memorial-hospital-of-gardena-d-p-snf,MEMORIAL HOSPITAL OF GARDENA D/P SNF,
950000032,950000032-mesa-glen-care-center,MESA GLEN CARE CENTER,
970000143,970000143-mid-wilshire-health-care-center,MID-WILSHIRE HEALTH CARE CENTER,
910000322,910000322-miracle-mile-healthcare-center-llc,MIRACLE MILE HEALTHCARE CENTER LLC,
940000001,940000001-mirada-hills-rehabilitation-and-convalescent-hosp,MIRADA HILLS REHABILITATION AND CONVALESCENT HOSP,
950000050,950000050-mission-care-center,MISSION CARE CENTER,
950000048,950000048-monrovia-gardens-healthcare-center,MONROVIA GARDENS HEALTHCARE CENTER,x
950000073,950000073-monrovia-post-acute,MONROVIA POST ACUTE,
970000180,970000180-monte-vista-grove-homes,MONTE VISTA GROVE HOMES,
950000011,950000011-monte-vista-healthcare-center,MONTE VISTA HEALTHCARE CENTER,x
940000109,940000109-montebello-care-center,MONTEBELLO CARE CENTER,
970000109,970000109-montecito-heights-healthcare-wellness-centre-lp,"MONTECITO HEIGHTS HEALTHCARE & WELLNESS CENTRE, LP.",
950000076,950000076-monterey-healthcare-wellness-centre-lp,"MONTEREY HEALTHCARE & WELLNESS CENTRE, LP",
970000182,970000182-monterey-park-convalescent-hospital,MONTEREY PARK CONVALESCENT HOSPITAL,
920000028,920000028-montrose-healthcare-center,MONTROSE HEALTHCARE CENTER,
920000027,920000027-montrose-springs-skilled-nursing-wellness-center,MONTROSE SPRINGS SKILLED NURSING & WELLNESS CENTER,
930000744,930000744-motion-picture-television-hospital-d-p-snf,MOTION PICTURE & TELEVISION HOSPITAL D/P SNF,
950000078,950000078-mount-san-antonio-gardens,MOUNT SAN ANTONIO GARDENS,
920000007,920000007-mountain-view-convalescent-hospital,MOUNTAIN VIEW CONVALESCENT HOSPITAL,x
920000025,920000025-new-vista-nursing-and-rehabilitation-center,NEW VISTA NURSING AND REHABILITATION CENTER,
910000019,910000019-new-vista-post-acute-care-center,NEW VISTA POST-ACUTE CARE CENTER,
920000024,920000024-north-valley-nursing-center,NORTH VALLEY NURSING CENTER,
940000048,940000048-north-walk-villa-convalescent-hospital,NORTH WALK VILLA CONVALESCENT HOSPITAL,
920000063,920000063-northridge-care-center,NORTHRIDGE CARE CENTER,
940000063,940000063-norwalk-meadows-nursing-center,NORWALK MEADOWS NURSING CENTER,
940000024,940000024-norwalk-skilled-nursing-wellness-centre,NORWALK SKILLED NURSING & WELLNESS CENTRE,
920000029,920000029-oakpark-healthcare-center,OAKPARK HEALTHCARE CENTER,
910000006,910000006-ocean-pointe-healthcare-center,OCEAN POINTE HEALTHCARE CENTER,
950000036,950000036-olive-vista-behavioral-health-center,OLIVE VISTA BEHAVIORAL HEALTH CENTER,
970000145,970000145-olympia-convalescent-hospital,OLYMPIA CONVALESCENT HOSPITAL,
910000004,910000004-osage-healthcare-wellness-centre,OSAGE HEALTHCARE & WELLNESS CENTRE,
940000089,940000089-pacific-care-nursing-center,PACIFIC CARE NURSING CENTER,
940000046,940000046-pacific-palms-healthcare,PACIFIC PALMS HEALTHCARE,
910000064,910000064-pacific-post-acute,PACIFIC POST - ACUTE,
940000090,940000090-pacific-villa-inc,"PACIFIC VILLA, INC.",
930000611,930000611-pacifica-hospital-of-the-valley-d-p-snf,PACIFICA HOSPITAL OF THE VALLEY D/P SNF,
970000058,970000058-palazzo-post-acute,PALAZZO POST ACUTE,
910000068,910000068-palos-verdes-health-care-center,PALOS VERDES HEALTH CARE CENTER,
920000054,920000054-panorama-gardens-nursing-and-rehabilitation-center,PANORAMA GARDENS NURSING AND REHABILITATION CENTER,
940000091,940000091-paramount-convalescent-hospital,PARAMOUNT CONVALESCENT HOSPITAL,
950000081,950000081-park-avenue-healthcare-wellness-center,PARK AVENUE HEALTHCARE & WELLNESS CENTER,
60000978,060000978-park-regency-care-center,PARK REGENCY CARE CENTER,
920000064,920000064-parkwest-healthcare-center,PARKWEST HEALTHCARE CENTER,
970000188,970000188-pasadena-care-center-llc,"PASADENA CARE CENTER, LLC",
970000161,970000161-pasadena-grove-health-center,PASADENA GROVE HEALTH CENTER,
970000184,970000184-pasadena-park-healthcare-and-wellness-center,PASADENA PARK HEALTHCARE AND WELLNESS CENTER,
950000083,950000083-penn-mar-therapeutic-center,PENN MAR THERAPEUTIC CENTER,
940000079,940000079-pico-rivera-healthcare-center,PICO RIVERA HEALTHCARE CENTER,
950000084,950000084-pilgrim-place-health-services-center,PILGRIM PLACE HEALTH SERVICES CENTER,
950000057,950000057-pine-grove-healthcare-wellness-centre-lp,"PINE GROVE HEALTHCARE & WELLNESS CENTRE, LP",x
910000069,910000069-playa-del-rey-center,PLAYA DEL REY CENTER,x
950000041,950000041-pomona-vista-care-center,POMONA VISTA CARE CENTER,
930001577,930001577-presbyterian-intercommunity-hospital-d-p-snf,PRESBYTERIAN INTERCOMMUNITY HOSPITAL D/P SNF,
910000022,910000022-primrose-post-acute,PRIMROSE POST-ACUTE,
930000681,930000681-providence-holy-cross-medical-center-d-p-snf,PROVIDENCE HOLY CROSS MEDICAL CENTER D/P SNF,
930000436,930000436-providence-little-company-of-mary-subacute-care-center,PROVIDENCE LITTLE COMPANY OF MARY SUBACUTE CARE CENTER,
930000773,930000773-providence-little-company-of-mary-transitional-care-center,PROVIDENCE LITTLE COMPANY OF MARY TRANSITIONAL CARE CENTER,
920000074,920000074-providence-st-elizabeth-care-center,PROVIDENCE ST. ELIZABETH CARE CENTER,
950000007,950000007-ramona-nursing-rehabilitation-center,RAMONA NURSING & REHABILITATION CENTER,
940000023,940000023-regency-oaks-post-acute-care-center,REGENCY OAKS POST ACUTE CARE CENTER,
920000088,920000088-rinaldi-convalescent-hospital,RINALDI CONVALESCENT HOSPITAL,x
940000094,940000094-rio-hondo-subacute-nursing-center,RIO HONDO SUBACUTE & NURSING CENTER,x
940000095,940000095-riviera-healthcare-center,RIVIERA HEALTHCARE CENTER,
970000165,970000165-rose-garden-healthcare-center,ROSE GARDEN HEALTHCARE CENTER,
940000014,940000014-rose-villa-healthcare-center,ROSE VILLA HEALTHCARE CENTER,
910000003,910000003-rosecrans-care-center,ROSECRANS CARE CENTER,
940000096,940000096-royal-care-skilled-nursing-center,ROYAL CARE SKILLED NURSING CENTER,
950000104,950000104-royal-gardens-healthcare,ROYAL GARDENS HEALTHCARE,
950000260,950000260-royal-oaks-manor-bradbury-oaks,ROYAL OAKS MANOR - BRADBURY OAKS,
920000019,920000019-royal-palms-post-acute,ROYAL PALMS POST ACUTE,
950000060,950000060-royal-terrace-health-care,ROYAL TERRACE HEALTH CARE,
950000019,950000019-royal-vista-care-center,ROYAL VISTA CARE CENTER,
930000557,930000557-saint-francis-medical-center-d-p-snf,SAINT FRANCIS MEDICAL CENTER D/P SNF,
970000167,970000167-saint-vincent-healthcare,SAINT VINCENT HEALTHCARE,
950000003,950000003-san-gabriel-convalescent-center,SAN GABRIEL CONVALESCENT CENTER,
930000564,930000564-san-gabriel-valley-medical-center-d-p-snf,SAN GABRIEL VALLEY MEDICAL CENTER D/P SNF,
950000026,950000026-san-marino-manor,SAN MARINO MANOR,
950000085,950000085-santa-anita-convalescent-hospital,SANTA ANITA CONVALESCENT HOSPITAL,
920000053,920000053-santa-clarita-post-acute-care-center,SANTA CLARITA POST-ACUTE CARE CENTER,
940000037,940000037-santa-fe-heights-healthcare-center-llc,SANTA FE HEIGHTS HEALTHCARE CENTER LLC,
950000027,950000027-santa-fe-lodge,SANTA FE LODGE,
910000075,910000075-santa-monica-convalescent-center-i,SANTA MONICA CONVALESCENT CENTER I,
910000076,910000076-santa-monica-convalescent-center-ii,SANTA MONICA CONVALESCENT CENTER II,
910000074,910000074-santa-monica-health-care-center,SANTA MONICA HEALTH CARE CENTER,
950000279,950000279-santa-teresita-manor,SANTA TERESITA MANOR,
910000077,910000077-seacrest-post-acute-care-center,SEACREST POST-ACUTE CARE CENTER,
950000277,950000277-serento-casa,SERENTO CASA,
910000330,910000330-sharon-care-center,SHARON CARE CENTER,
920000066,920000066-sherman-oaks-health-rehabilitation-center,SHERMAN OAKS  HEALTH & REHABILITATION CENTER,
930001552,930001552-sherman-oaks-hospital,SHERMAN OAKS HOSPITAL,
920000008,920000008-sherman-village-healthcare-center,SHERMAN VILLAGE HEALTHCARE CENTER,
940000042,940000042-shoreline-healthcare-center,SHORELINE HEALTHCARE CENTER,
950000018,950000018-sierra-view-care-center,SIERRA VIEW CARE CENTER,
970000097,970000097-skyline-healthcare-center-los-angeles,SKYLINE HEALTHCARE CENTER-LOS ANGELES,
940000117,940000117-socal-post-acute-care,SOCAL POST-ACUTE CARE,
970000099,970000099-solheim-senior-community,SOLHEIM SENIOR COMMUNITY,
970000077,970000077-south-pasadena-care-center,SOUTH PASADENA CARE CENTER,
930000802,930000802-southern-california-hospital,SOUTHERN CALIFORNIA HOSPITAL,
940000070,940000070-southland,SOUTHLAND,
970000052,970000052-st-andrews-healthcare,ST. ANDREWS HEALTHCARE,
970000043,970000043-st-john-of-god-retirement-and-care-center,ST. JOHN OF GOD RETIREMENT AND CARE CENTER,
920000092,920000092-stoney-point-healthcare-center,STONEY POINT HEALTHCARE CENTER,
920000075,920000075-studio-city-rehabilitation-center,STUDIO CITY REHABILITATION CENTER,
950000061,950000061-sunny-village-care-center,SUNNY VILLAGE CARE CENTER,
910000084,910000084-sunnyside-nursing-center,SUNNYSIDE NURSING CENTER,
970000017,970000017-sunnyview-care-center,SUNNYVIEW CARE CENTER,
970000046,970000046-sunray-healthcare-center,SUNRAY HEALTHCARE CENTER,x
950000105,950000105-sunset-manor-convalescent-hospital,SUNSET MANOR CONVALESCENT HOSPITAL,
920000289,920000289-sylmar-health-and-rehabilitation-center,SYLMAR HEALTH AND REHABILITATION CENTER,
920000067,920000067-tarzana-health-and-rehabilitation-center,TARZANA HEALTH AND REHABILITATION CENTER,
950000107,950000107-temple-city-healthcare,TEMPLE CITY HEALTHCARE,
970000149,970000149-temple-park-convalescent-hospital,TEMPLE PARK CONVALESCENT HOSPITAL,
970000066,970000066-the-californian-pasadena-convalescent-hospital,THE CALIFORNIAN - PASADENA CONVALESCENT HOSPITAL,
910000021,910000021-the-canterbury,THE CANTERBURY,
920000069,920000069-the-care-center-on-hazeltine-llc,"THE CARE CENTER ON HAZELTINE, LLC",
910000036,910000036-the-earlwood,THE EARLWOOD,x
630016910,630016910-the-ellison-john-transitional-care-center,THE ELLISON JOHN TRANSITIONAL CARE CENTER,
950000063,950000063-the-gardens-of-el-monte,THE GARDENS OF EL MONTE,x
920000003,920000003-the-grove-post-acute-care-center,THE GROVE POST-ACUTE CARE CENTER,
920000030,920000030-the-hills-healthcare-center,THE HILLS HEALTHCARE CENTER,
920000056,920000056-the-meadows-post-acute,THE MEADOWS POST ACUTE,
940000015,940000015-the-orchard-post-acute-care,THE ORCHARD - POST ACUTE CARE,
910000336,910000336-the-rehabilitation-center-of-santa-monica,THE REHABILITATION CENTER OF SANTA MONICA,
910000312,910000312-the-rehabilitation-centre-of-beverly-hills,THE REHABILITATION CENTRE OF BEVERLY HILLS,
950000013,950000013-the-rowland,THE ROWLAND,
920000091,920000091-topanga-terrace,TOPANGA TERRACE,
910000091,910000091-torrance-care-center-west-inc,"TORRANCE CARE CENTER WEST, INC.",
930001463,930001463-torrance-memorial-medical-center-d-p-snf,TORRANCE MEMORIAL MEDICAL CENTER D/P SNF,
920000312,920000312-totally-kids-specialty-healthcare-sun-valley,TOTALLY KIDS SPECIALTY HEALTHCARE-SUN VALLEY,
970000176,970000176-two-palms-nursing-center-inc,"TWO PALMS NURSING CENTER, INC.",
970000135,970000135-university-park-healthcare-center,UNIVERSITY PARK HEALTHCARE CENTER,
930001154,930001154-usc-verdugo-hills-hospital-d-p-snf,USC VERDUGO HILLS HOSPITAL D/P SNF,
920000057,920000057-valley-palms-care-center,VALLEY PALMS CARE CENTER,x
950000029,950000029-valley-view-post-acute,VALLEY VIEW POST ACUTE,
920000076,920000076-valley-vista-nursing-and-transitional-care-llc,VALLEY VISTA NURSING AND TRANSITIONAL CARE LLC,
910000016,910000016-vermont-healthcare-center,VERMONT HEALTHCARE CENTER,
970000050,970000050-vernon-healthcare-center,VERNON HEALTHCARE CENTER,
630013558,630013558-veterans-home-of-california-west-los-angeles,VETERANS HOME OF CALIFORNIA - WEST LOS ANGELES,
950000077,950000077-victoria-care-center,VICTORIA CARE CENTER,
940000025,940000025-view-heights-convalescent-hospital,VIEW HEIGHTS CONVALESCENT HOSPITAL,
970000009,970000009-view-park-convalescent-center,VIEW PARK CONVALESCENT CENTER,
940000040,940000040-villa-del-rio,VILLA DEL RIO,
940000041,940000041-villa-del-rio-gardens,VILLA DEL RIO GARDENS,
940000071,940000071-villa-elena-healthcare-center,VILLA ELENA HEALTHCARE CENTER,
970000178,970000178-villa-gardens-health-care-unit,VILLA GARDENS HEALTH CARE UNIT,
920000269,920000269-villa-scalabrini-special-care-unit,VILLA SCALABRINI SPECIAL CARE UNIT,
940000030,940000030-villa-serena-healthcare-center,VILLA SERENA HEALTHCARE CENTER,
970000103,970000103-virgil-rehabilitation-and-skilled-nursing-center,VIRGIL REHABILITATION AND SKILLED NURSING CENTER,
910000089,910000089-vista-del-sol-care-center,VISTA DEL SOL CARE CENTER,
920000048,920000048-wellsprings-post-acute-center,WELLSPRINGS POST-ACUTE CENTER,
950000049,950000049-west-covina-healthcare-center,WEST COVINA HEALTHCARE CENTER,
930001561,930001561-west-covina-medical-center-d-p-snf,WEST COVINA MEDICAL CENTER D/P SNF,
910000007,910000007-west-gardena-post-acute,WEST GARDENA POST ACUTE,
950000044,950000044-west-haven-healthcare,WEST HAVEN HEALTHCARE,x
920000082,920000082-west-hills-health-and-rehabilitation-center,WEST HILLS HEALTH AND REHABILITATION CENTER,
920000085,920000085-west-valley-post-acute,WEST VALLEY POST ACUTE,
970000054,970000054-western-convalescent-hospital,WESTERN CONVALESCENT HOSPITAL,
970000147,970000147-westlake-convalescent-hospital,WESTLAKE CONVALESCENT HOSPITAL,
930000822,930000822-white-memorial-medical-center-d-p-snf,WHITE MEMORIAL MEDICAL CENTER D/P SNF,
940000019,940000019-whittier-hills-health-care-center,WHITTIER HILLS HEALTH CARE CENTER,
930001410,930001410-whittier-hospital-medical-center-d-p-snf,WHITTIER HOSPITAL MEDICAL CENTER D/P SNF,
940000077,940000077-whittier-nursing-and-wellness-center-inc,"WHITTIER NURSING AND WELLNESS CENTER, INC.",
940000116,940000116-whittier-pacific-care-center,WHITTIER PACIFIC CARE CENTER,
910000023,910000023-windsor-care-center-of-cheviot-hills,WINDSOR CARE CENTER OF CHEVIOT HILLS,
940000029,940000029-windsor-convalescent-center-of-north-long-beach,WINDSOR CONVALESCENT CENTER OF NORTH LONG BEACH,
910000081,910000081-windsor-gardens-convalescent-center-of-hawthorne,WINDSOR GARDENS CONVALESCENT CENTER OF HAWTHORNE,
940000099,940000099-windsor-gardens-convalescent-center-of-long-beach,WINDSOR GARDENS CONVALESCENT CENTER OF LONG BEACH,
910000334,910000334-windsor-gardens-convalescent-hospital,WINDSOR GARDENS CONVALESCENT HOSPITAL,
920000058,920000058-windsor-gardens-healthcare-center-of-the-valley,WINDSOR GARDENS HEALTHCARE CENTER OF THE VALLEY,
970000105,970000105-windsor-manor,WINDSOR MANOR,
940000111,940000111-windsor-palms-care-center-of-artesia,WINDSOR PALMS CARE CENTER OF ARTESIA,
920000302,920000302-windsor-terrace-healthcare-center,WINDSOR TERRACE HEALTHCARE CENTER,
920000061,920000061-woodland-care-center,WOODLAND CARE CENTER,
950000092,950000092-woods-health-services,WOODS HEALTH SERVICES,
970000107,970000107-york-healthcare-wellness-centre,YORK HEALTHCARE & WELLNESS CENTRE,
910000322,910000322-beverly-west-healthcare,BEVERLY WEST HEALTHCARE,
950000277,950000277-brookdale-san-dimas,BROOKDALE SAN DIMAS,
950000029,950000029-elmcrest-care-center,ELMCREST CARE CENTER,
970000129,970000129-emerald-terrace-convalescent-hospital,EMERALD TERRACE CONVALESCENT HOSPITAL,
970000171,970000171-golden-cross-health-care,GOLDEN CROSS HEALTH CARE,
910000007,910000007-greenfield-care-center-of-gardena,GREENFIELD CARE CENTER OF GARDENA,
940000036,940000036-lynwood-healthcare-center,LYNWOOD HEALTHCARE CENTER,
910000061,910000061-meadowbrook-behavioral-health-center,MEADOWBROOK BEHAVIORAL HEALTH CENTER,
950000046,950000046-royal-crest-health-care,ROYAL CREST HEALTH CARE,
910000071,910000071-royalwood-care-center,ROYALWOOD CARE CENTER,
920000030,920000030-shadow-hills-convalescent-hospital,SHADOW HILLS CONVALESCENT HOSPITAL,
970000052,970000052-st-andrews,ST. ANDREWS,
940000112,940000112-woodruff-convalescent-center,WOODRUFF CONVALESCENT CENTER,